session,Flag_of_packets,Traffic_sequence,Payload_ratio,Length_of_IP_packets,Length_of_TCP_payload,Length_of_TCP_packet_header,Length_of_IP_packet_header,TCP_windows_size_value,Length_of_TCP_segment(packet),Time_difference_between_packets_per_session,Change_values_of_TCP_windows_length_per_session,Interval_of_arrival_time_of_forward_traffic,Interval_of_arrival_time_of_backward_traffic,Time_to_live,Ratio_to_previous_packets_in_each_session,Total_length_of_IP_packet_per_session,Total_Time_to_live_per_session,The_times_of_change_of_TCP_windows_length,The_times_of_change_of_payload_per_session,Total_length_of_forward_payload,Total_length_of_backward_payload,Total_length_of_forward_IP_header,Total_length_of_backward_IP_header,Total_length_of_forward_TCP_header,Total_length_of_backward_TCP_header,Total_length_of_forward_IP_packets,Total_length_of_backward_IP_packets,flow duration,Packets_From_Clients,Packets_From_Servers,Bytes_From_Clients(IPpacket),Bytes_From_Servers(IPpacket),mean_Length_of_IP_packets,median_Length_of_IP_packets,max_Length_of_IP_packets,min_Length_of_IP_packets,std_Length_of_IP_packets,var_Length_of_IP_packets,mean_Length_of_TCP_payload,median_Length_of_TCP_payload,max_Length_of_TCP_payload,min_Length_of_TCP_payload,std_Length_of_TCP_payload,var_Length_of_TCP_payload,mean_Length_of_TCP_packet_header,median_Length_of_TCP_packet_header,max_Length_of_TCP_packet_header,min_Length_of_TCP_packet_header,std_Length_of_TCP_packet_header,var_Length_of_TCP_packet_header,mean_Length_of_IP_packet_header,median_Length_of_IP_packet_header,max_Length_of_IP_packet_header,min_Length_of_IP_packet_header,std_Length_of_IP_packet_header,var_Length_of_IP_packet_header,mean_TCP_windows_size_value,median_TCP_windows_size_value,max_TCP_windows_size_value,min_TCP_windows_size_value,std_TCP_windows_size_value,var_TCP_windows_size_value,mean_Length_of_TCP_segment(packet),median_Length_of_TCP_segment(packet),max_Length_of_TCP_segment(packet),min_Length_of_TCP_segment(packet),std_Length_of_TCP_segment(packet),var_Length_of_TCP_segment(packet),mean_Time_difference_between_packets_per_session,median_Time_difference_between_packets_per_session,max_Time_difference_between_packets_per_session,min_Time_difference_between_packets_per_session,std_Time_difference_between_packets_per_session,var_Time_difference_between_packets_per_session,mean_Change_values_of_TCP_windows_length_per_session,median_Change_values_of_TCP_windows_length_per_session,max_Change_values_of_TCP_windows_length_per_session,min_Change_values_of_TCP_windows_length_per_session,std_Change_values_of_TCP_windows_length_per_session,var_Change_values_of_TCP_windows_length_per_session,mean_Interval_of_arrival_time_of_forward_traffic,median_Interval_of_arrival_time_of_forward_traffic,max_Interval_of_arrival_time_of_forward_traffic,min_Interval_of_arrival_time_of_forward_traffic,std_Interval_of_arrival_time_of_forward_traffic,var_Interval_of_arrival_time_of_forward_traffic,mean_Interval_of_arrival_time_of_backward_traffic,median_Interval_of_arrival_time_of_backward_traffic,max_Interval_of_arrival_time_of_backward_traffic,min_Interval_of_arrival_time_of_backward_traffic,std_Interval_of_arrival_time_of_backward_traffic,var_Interval_of_arrival_time_of_backward_traffic,mean_time_to_live,median_time_to_live,max_time_to_live,min_time_to_live,std_time_to_live,var_time_to_live,label,Destination_port,Source_port,std_forward_pkt_length,std_backward_pkt_length,duration_forward,duration_back,mean_of_backward_IP_header,mean_of_forward_IP_header,total_payload_per_session,IPratio,Goodput
1.0,,,,,,,,,,,,,,,,,,,,,,,,,,,,,,,,,,,,,,,,,,,,,,,,,,,,,,,,,,,,,,,,,,,,,,,,,,,,,,,,,,,,,,,,,,,,,,,,,,,,,,,,,,,,,,
,1.0,,,,,,,,,,,,,,,,,,,,,,,,,,,,,,,,,,,,,,,,,,,,,,,,,,,,,,,,,,,,,,,,,,,,,,,,,,,,,,,,,,,,,,,,,,,,,,,,,,,,,,,,,,,,,
,,1.0,,,,,,,,,,,,,,,,,,,,,,,,,,,,,,,,,,,,,,,,,,,,,,,,,,,,,,,,,,,,,,,,,,,,,,,,,,,,,,,,,,,,,,,,,,,,,,,,,,,,,,,,,,,,
,,,1.0,,,,,,,,,,,,,,,,,,,,,,,,,,,,,,,,,,,,,,,,,,,,,,,,,,,,,,,,,,,,,,,,,,,,,,,,,,,,,,,,,,,,,,,,,,,,,,,,,,,,,,,,,,,
,,,,1.0,0.9999797207629303,,,,1.0,,,,,,,,,,,,,,,,,,,,,,,,,,,,,,,,,,,,,,,,,,,,,,,,,,,,,,,,,,,,,,,,,,,,,,,,,,,,,,,,,,,,,,,,,,,,,,,,,,,,,
,,,,0.9999797207629303,1.0,,,,0.9999797207629303,,,,,,,,,,,,,,,,,,,,,,,,,,,,,,,,,,,,,,,,,,,,,,,,,,,,,,,,,,,,,,,,,,,,,,,,,,,,,,,,,,,,,,,,,,,,,,,,,,,,,
,,,,,,1.0,,,,,,,,,,,,,,,,,,,,,,,,,,,,,,0.7228240145900098,,,,,,,,,0.944176622644212,0.9400736926650227,0.7688700574116852,0.722824014590011,,,,,,,,,,,,,,,,,,0.722824014590011,,,,,,,,,,,,,,,,,,,,,,,,,,,,,,,,,,,,,,,,,,,,
,,,,,,,,,,,,,,,,,,,,,,,,,,,,,,,,,,,,,,,,,,,,,,,,,,,,,,,,,,,,,,,,,,,,,,,,,,,,,,,,,,,,,,,,,,,,,,,,,,,,,,,,,,,,,,
,,,,,,,,1.0,,,,,,,,,,,,,,,,,,,,,,,,,,,,,,,,,,,,,,,,,,,,,,,,,0.9354174948467239,0.9162033656121844,,,,,,,,,,,,,,,,,,,,,,,,,,,,,,,,,,,,,,,,,,,,,,,,,,,,
,,,,1.0,0.9999797207629303,,,,1.0,,,,,,,,,,,,,,,,,,,,,,,,,,,,,,,,,,,,,,,,,,,,,,,,,,,,,,,,,,,,,,,,,,,,,,,,,,,,,,,,,,,,,,,,,,,,,,,,,,,,,
,,,,,,,,,,1.0,,,0.8855686706613031,,,,,,,,,,,,,,,,,,,,,,,,,,,,,,,,,,,,,,,,,,,,,,,,,,,,,,,,,,,,,,,,,,,,,,,,,,,,,,,,,,,,,,,,,,,,,,,,,
,,,,,,,,,,,1.0,,,,,,,,,,,,,,,,,,,,,,,,,,,,,,,,,,,,,,,,,,,,,,,,,,,,,,,,,,,,,,,,,,,,,,,,,,,,,,,,,,,,,,,,,,,,,,,,,,,
,,,,,,,,,,,,1.0,,,,,,,,,,,,,,,,,,,,,,,,,,,,,,,,,,,,,,,,,,,,,,,,,,,,,,,,,,,,,,,,,,,,,,,,,,,,,,,,,,,,,,,,,,,,,,,,,,
,,,,,,,,,,0.8855686706613031,,,1.0,,,,,,,,,,,,,,,,,,,,,,,,,,,,,,,,,,,,,,,,,,,,,,,,,,,,,,,,,,,,,,,,,,,,,,,,,,,,,,,,,,,,,,,,,,,,,,,,,
,,,,,,,,,,,,,,1.0,,,,,,,,,,,,,,,,,,,,,,,,,,,,,,,,,,,,,,,,,,,,,,,,,,,,,,,,,,,,,,,,,,,,,,,,,,,,,,,0.7288229464138267,,,,,,,,,,,,,,,,,
,,,,,,,,,,,,,,,1.0,,,,,,,,,,,,,,,,,,,,,,,,,,,,,,,,,,,,,,,,,,,,,,,,,,,,,,,,,,,,,,,,,,,,,,,,,,,,,,,,,,,,,,,,,,,,,,,
,,,,,,,,,,,,,,,,1.0,0.9998445235507951,0.9987034259127329,0.9971063379918687,0.9996448506219611,,0.9996148139366046,0.9997070516894772,0.9996088745345156,0.9997442347647488,0.9996493643991332,,,0.9996148139366026,0.9997070516894763,0.9996520542692098,,,,,,,,,,,,,,,,,,,,,,,,,,,,,,,,,,,,,,,,,,,,,,,,,,,,,,,,,,,,,,,,,,,,,,,,,,,,,0.9999994490194029,,
,,,,,,,,,,,,,,,,0.9998445235507951,1.0,0.9992258574220941,0.9976802879243518,0.9996551018780795,,0.9998783611384089,0.9995600601545532,0.9998660069864186,0.9995939156158826,0.9996657479903922,,,0.9998783611384082,0.9995600601545473,0.9996722163241499,,,,,,,,,,,,,,,,,,,,,,,,,,,,,,,,,,,,,,,,,,,,,,,,,,,,,,,,,,,,,,,,,,,,,,,,,,,,,0.9998266601880086,,
,,,,,,,,,,,,,,,,0.9987034259127329,0.9992258574220941,1.0,0.9994974009607096,0.9987616663565764,,0.9991419616182792,0.9987826340289745,0.9991378093384917,0.9988504379281942,0.9987764119780136,,,0.9991419616182803,0.9987826340289735,0.9987852154018798,,,,,,,,,,,,,,,,,,,,,,,,,,,,,,,,,,,,,,,,,,,,,,,,,,,,,,,,,,,,,,,,,,,,,,,,,,,,,0.9986601407818868,,
,,,,,,,,,,,,,,,,0.9971063379918687,0.9976802879243518,0.9994974009607096,1.0,0.9972329156836887,,0.9974581572845234,0.9975450962888026,0.9974528101944691,0.9976105176350266,0.9972437719813427,,,0.9974581572845133,0.9975450962888043,0.9972502596094147,,,,,,,,,,,,,,,,,,,,,,,,,,,,,,,,,,,,,,,,,,,,,,,,,,,,,,,,,,,,,,,,,,,,,,,,,,,,,0.997058797755599,,
,,,,,,,,,,,,,,,,0.9996448506219611,0.9996551018780795,0.9987616663565764,0.9972329156836887,1.0,,0.9997752045237953,0.9988490817468184,0.9997766786709726,0.9989608877942379,0.9999998622315993,,,0.9997752045237907,0.9988490817468187,0.9999996470445177,,,,,,,,,,,,,,,,,,,,,,,,,,,,,,,,,,,,,,,,,,,,,,,,,,,,,,,,,,,,,,,,,,,,,,,,,,,,,0.9996328806434249,,
,,,,,,,,,,,,,,,,,,,,,1.0,,,,,,0.8977969909685772,,,,,0.7862473941069379,,,,,,,,,,,,,,,,,,,,,,,,,,,,,,,,,,,,,,,,,,,,,,,,,,,,,,,,,,,,,,,,,,,,,,,,,,,,,,
,,,,,,,,,,,,,,,,0.9996148139366046,0.9998783611384089,0.9991419616182792,0.9974581572845234,0.9997752045237953,,1.0,0.999024837063314,0.9999981302357466,0.9991148246281044,0.9997861498654548,,,1.000000000000001,0.9990248370633061,0.9997926374967151,,,,,,,,,,,,,,,,,,,,,,,,,,,,,,,,,,,,,,,,,,,,,,,,,,,,,,,,,,,,,,,,,,,,,,,,,,,,,0.99958813710511,,
,,,,,,,,,,,,,,,,0.9997070516894772,0.9995600601545532,0.9987826340289745,0.9975450962888026,0.9988490817468184,,0.999024837063314,1.0,0.9990119686895665,0.9999720403148659,0.9988585307763651,,,0.999024837063305,1.000000000000004,0.9988642886146646,,,,,,,,,,,,,,,,,,,,,,,,,,,,,,,,,,,,,,,,,,,,,,,,,,,,,,,,,,,,,,,,,,,,,,,,,,,,,0.9997069172541617,,
,,,,,,,,,,,,,,,,0.9996088745345156,0.9998660069864186,0.9991378093384917,0.9974528101944691,0.9997766786709726,,0.9999981302357466,0.9990119686895665,1.0,0.9991119266462636,0.9997876338473269,,,0.9999981302357466,0.9990119686895594,0.9997940702143682,,,,,,,,,,,,,,,,,,,,,,,,,,,,,,,,,,,,,,,,,,,,,,,,,,,,,,,,,,,,,,,,,,,,,,,,,,,,,0.9995819517602927,,
,,,,,,,,,,,,,,,,0.9997442347647488,0.9995939156158826,0.9988504379281942,0.9976105176350266,0.9989608877942379,,0.9991148246281044,0.9999720403148659,0.9991119266462636,1.0,0.9989700431339714,,,0.9991148246281087,0.999972040314864,0.9989754722799163,,,,,,,,,,,,,,,,,,,,,,,,,,,,,,,,,,,,,,,,,,,,,,,,,,,,,,,,,,,,,,,,,,,,,,,,,,,,,0.9997423396109153,,
,,,,,,,,,,,,,,,,0.9996493643991332,0.9996657479903922,0.9987764119780136,0.9972437719813427,0.9999998622315993,,0.9997861498654548,0.9988585307763651,0.9997876338473269,0.9989700431339714,1.0,,,0.9997861498654496,0.9988585307763631,0.9999999500296477,,,,,,,,,,,,,,,,,,,,,,,,,,,,,,,,,,,,,,,,,,,,,,,,,,,,,,,,,,,,,,,,,,,,,,,,,,,,,0.9996370229435034,,
,,,,,,,,,,,,,,,,,,,,,0.8977969909685772,,,,,,1.0,,,,,0.9780238443493032,,,,,,,,,,,,,,,,,,,,,,,,,,,,,,,,,,,,,,,,,,,,,,,,,,,,,,,,,,,,,,,,,,,,,,,,,,,,,,
,,,,,,,,,,,,,,,,,,,,,,,,,,,,1.0,,,,,,,,,,,,,,,,,,,,,,,,,,,,,,,,,,,,,,,,,0.821803556092877,,0.9361697441638909,,0.8878461704545452,0.7489078601404461,,,,,,,0.8221006964947072,,0.9363011408206383,,0.888025042707775,0.888025042707775,0.8236774361782357,,0.9252029990808346,,0.8802265818106046,0.7359019695256964,,,,,,,,,,,,,,,,,,
,,,,,,,,,,,,,,,,0.9996148139366026,0.9998783611384082,0.9991419616182803,0.9974581572845133,0.9997752045237907,,1.000000000000001,0.999024837063305,0.9999981302357466,0.9991148246281087,0.9997861498654496,,,1.0,0.9990248370633055,0.9997926374967171,,,,,,,,,,,,,,,,,,,,,,,,,,,,,,,,,,,,,,,,,,,,,,,,,,,,,,,,,,,,,,,,,,,,,,,,,,,,,0.999588137105118,,
,,,,,,,,,,,,,,,,0.9997070516894763,0.9995600601545473,0.9987826340289735,0.9975450962888043,0.9988490817468187,,0.9990248370633061,1.000000000000004,0.9990119686895594,0.999972040314864,0.9988585307763631,,,0.9990248370633055,1.0,0.9988642886146594,,,,,,,,,,,,,,,,,,,,,,,,,,,,,,,,,,,,,,,,,,,,,,,,,,,,,,,,,,,,,,,,,,,,,,,,,,,,,0.999706917254164,,
,,,,,,,,,,,,,,,,0.9996520542692098,0.9996722163241499,0.9987852154018798,0.9972502596094147,0.9999996470445177,,0.9997926374967151,0.9988642886146646,0.9997940702143682,0.9989754722799163,0.9999999500296477,,,0.9997926374967171,0.9988642886146594,1.0,,,,,,,,,,,,,,,,,,,,,,,,,,,,,,,,,,,,,,,,,,,,,,,,,,,,,,,,,,,,,,,,,,,,,,,,,,,,,0.9996394936277552,,
,,,,,,,,,,,,,,,,,,,,,0.7862473941069379,,,,,,0.9780238443493032,,,,,1.0,,,,,,,,,,,,,,,,,,,,,,,,,,,,,,,,,,,,,,,,,,,,,,,,,,,,,,,,,,,,,,,,,,,,,,,,,,,,,,
,,,,,,,,,,,,,,,,,,,,,,,,,,,,,,,,,1.0,,,,0.734598719223058,,0.9998001473962004,,,,0.7345347271215839,,,,,,,,,,,,,,,,,,,,1.0,,,,0.734598719223058,,,,,,,,,,,,,,,,,,,,,,,,,,,,,,,,,,,,,,,,,,,
,,,,,,,,,,,,,,,,,,,,,,,,,,,,,,,,,,1.0,,,,,,0.9998032175586816,,,,,,,,,,,,,,,,,,,,,,,,1.0,,,,,,,,,,,,,,,,,,,,,,,,,,,,,,,,,,,,,,,,,,,,,,
,,,,,,,,,,,,,,,,,,,,,,,,,,,,,,,,,,,1.0,,0.969105872571621,0.975392562940293,,,0.9999980200135219,,0.969111084263992,0.9754081075258043,,,,,,,,,,,,,,,,,,,,,1.0,,0.969105872571621,0.975392562940293,,,,,,,,,,,,,,,,,,,,,,,,,,,,,,,,,,,0.8993237826986321,,,,,,0.9980568874616408,
,,,,,,0.7228240145900098,,,,,,,,,,,,,,,,,,,,,,,,,,,,,,1.0,,,,,,,,,0.7743788668586908,0.7685895460796516,,0.9999999999999991,,,,,,,,,,,,,,,,,,0.9999999999999991,,,,,,,,,,,,,,,,,,,,,,,,,,,,,,,,,,,,,,,,,,,,
,,,,,,,,,,,,,,,,,,,,,,,,,,,,,,,,,0.734598719223058,,0.969105872571621,,1.0,0.9766469410957023,0.73710245528373,,0.9691374444093173,,0.9999996927383178,0.976661557351099,,,,,,,,,,,,,,,,,,,0.7345987192230579,,0.969105872571621,,1.0,0.9766469410957023,,,,,,,,,,,,,,,,,,,,,,,,,,,,,,,,,,,0.8976060673469995,,,,,,0.9677533668012973,
,,,,,,,,,,,,,,,,,,,,,,,,,,,,,,,,,,,0.975392562940293,,0.9766469410957023,1.0,,,0.9754141219206397,,0.9766369600604472,0.9999999505483255,,,,,,,,,,,,,,,,,,,,,0.975392562940293,,0.9766469410957024,1.0,,,,,,,,,,,,,,,,,,,,,,,,,,,,,,,,,,,0.9048591738459381,,,,,,0.9755551758465442,
,,,,,,,,,,,,,,,,,,,,,,,,,,,,,,,,,0.9998001473962004,,,,0.73710245528373,,1.0,,,,0.7370416803981642,,,,,,,,,,,,,,,,,,,,0.9998001473962002,,,,0.73710245528373,,,,,,,,,,,,,,,,,,,,,,,,,,,,,,,,,,,,,,,,,,,
,,,,,,,,,,,,,,,,,,,,,,,,,,,,,,,,,,0.9998032175586816,,,,,,1.0,,,,,,,,,,,,,,,,,,,,,,,,0.9998032175586814,,,,,,,,,,,,,,,,,,,,,,,,,,,,,,,,,,,,,,,,,,,,,,
,,,,,,,,,,,,,,,,,,,,,,,,,,,,,,,,,,,0.9999980200135219,,0.9691374444093173,0.9754141219206397,,,1.0,,0.969143145125994,0.9754298348671446,,,,,,,,,,,,,,,,,,,,,0.9999980200135217,,0.9691374444093172,0.9754141219206397,,,,,,,,,,,,,,,,,,,,,,,,,,,,,,,,,,,0.8993652722715991,,,,,,0.9981381134820758,
,,,,,,,,,,,,,,,,,,,,,,,,,,,,,,,,,,,,,,,,,,,,,,,,,,,,,,,,,,,,,,,,,,,,,,,,,,,,,,,,,,,,,,,,,,,,,,,,,,,,,,,,,,,,,,
,,,,,,,,,,,,,,,,,,,,,,,,,,,,,,,,,0.7345347271215839,,0.969111084263992,,0.9999996927383178,0.9766369600604472,0.7370416803981642,,0.969143145125994,,1.0,0.9766517305875754,,,,,,,,,,,,,,,,,,,0.7345347271215837,,0.969111084263992,,0.9999996927383176,0.9766369600604472,,,,,,,,,,,,,,,,,,,,,,,,,,,,,,,,,,,0.8976223760150565,,,,,,0.9677629516671551,
,,,,,,,,,,,,,,,,,,,,,,,,,,,,,,,,,,,0.9754081075258043,,0.976661557351099,0.9999999505483255,,,0.9754298348671446,,0.9766517305875754,1.0,,,,,,,,,,,,,,,,,,,,,0.9754081075258043,,0.9766615573510989,0.9999999505483255,,,,,,,,,,,,,,,,,,,,,,,,,,,,,,,,,,,0.9048766005909545,,,,,,0.9755731171881749,
,,,,,,0.944176622644212,,,,,,,,,,,,,,,,,,,,,,,,,,,,,,0.7743788668586908,,,,,,,,,1.0,0.994033292374765,0.8245642047889459,0.7743788668586926,,,,,,,,,,,,,,,,,,0.7743788668586926,,,,,,,,,,,,,,,,,,,,,,,,,,,,,,,,,,,,,,,,,,,,
,,,,,,0.9400736926650227,,,,,,,,,,,,,,,,,,,,,,,,,,,,,,0.7685895460796516,,,,,,,,,0.994033292374765,1.0,0.8075090819423189,0.768589546079652,,,,,,,,,,,,,,,,,,0.768589546079652,,,,,,,,,,,,,,,,,,,,,,,,,,,,,,,,,,,,,,,,,,,,
,,,,,,0.7688700574116852,,,,,,,,,,,,,,,,,,,,,,,,,,,,,,,,,,,,,,,0.8245642047889459,0.8075090819423189,1.0,,,,,,,,,,,,,,,,,,,,,,,,,,,,,,,,,,,,,,,,,,,,,,,,,,,,,,,,,,,,,,,
,,,,,,0.722824014590011,,,,,,,,,,,,,,,,,,,,,,,,,,,,,,0.9999999999999991,,,,,,,,,0.7743788668586926,0.768589546079652,,1.0,,,,,,,,,,,,,,,,,,1.0,,,,,,,,,,,,,,,,,,,,,,,,,,,,,,,,,,,,,,,,,,,,
,,,,,,,,,,,,,,,,,,,,,,,,,,,,,,,,,,,,,,,,,,,,,,,,,1.0,0.9611260456448109,,,,,,,,,,,,,,,,,,,,,,,,,,,,,,,,,,,,,,,,,,,,,,,,,,,,,,,,,,,,
,,,,,,,,,,,,,,,,,,,,,,,,,,,,,,,,,,,,,,,,,,,,,,,,,0.9611260456448109,1.0,,,,,,,,,,,,,,,,,,,,,,,,,,,,,,,,,,,,,,,,,,,,,,,,,,,,,,,,,,,,
,,,,,,,,,,,,,,,,,,,,,,,,,,,,,,,,,,,,,,,,,,,,,,,,,,,,,,,,,,,,,,,,,,,,,,,,,,,,,,,,,,,,,,,,,,,,,,,,,,,,,,,,,,,,,,
,,,,,,,,,,,,,,,,,,,,,,,,,,,,,,,,,,,,,,,,,,,,,,,,,,,,,,,,,,,,,,,,,,,,,,,,,,,,,,,,,,,,,,,,,,,,,,,,,,,,,,,,,,,,,,
,,,,,,,,,,,,,,,,,,,,,,,,,,,,,,,,,,,,,,,,,,,,,,,,,,,,,,,,,,,,,,,,,,,,,,,,,,,,,,,,,,,,,,,,,,,,,,,,,,,,,,,,,,,,,,
,,,,,,,,,,,,,,,,,,,,,,,,,,,,,,,,,,,,,,,,,,,,,,,,,,,,,,,,,,,,,,,,,,,,,,,,,,,,,,,,,,,,,,,,,,,,,,,,,,,,,,,,,,,,,,
,,,,,,,,,,,,,,,,,,,,,,,,,,,,,,,,,,,,,,,,,,,,,,,,,,,,,,,,,,,,,,,,,,,,,,,,,,,,,,,,,,,,,,,,,,,,,,,,,,,,,,,,,,,,,,
,,,,,,,,,,,,,,,,,,,,,,,,,,,,,,,,,,,,,,,,,,,,,,,,,,,,,,,,,,,,,,,,,,,,,,,,,,,,,,,,,,,,,,,,,,,,,,,,,,,,,,,,,,,,,,
,,,,,,,,0.9354174948467239,,,,,,,,,,,,,,,,,,,,,,,,,,,,,,,,,,,,,,,,,,,,,,,,,1.0,0.9747195612081248,,,,,,,,,,,,,,,,,,,,,,,,,,,,,,,,,,,,,,,,,,,,,,,,,,,,
,,,,,,,,0.9162033656121844,,,,,,,,,,,,,,,,,,,,,,,,,,,,,,,,,,,,,,,,,,,,,,,,,0.9747195612081248,1.0,,,,,,,,,,,,,,,,,,,,,,,,,,,,,,,,,,,,,,,,,,,,,,,,,,,,
,,,,,,,,,,,,,,,,,,,,,,,,,,,,,,,,,,,,,,,,,,,,,,,,,,,,,,,,,,,1.0,,,,,,,,,,,,,,,,,,0.8817466276345739,,,,,,,,,,,,,,,,,,,,,,,,,,,,,,,,,
,,,,,,,,,,,,,,,,,,,,,,,,,,,,,,,,,,,,,,,,,,,,,,,,,,,,,,,,,,,,1.0,,,,,,,,,,,,,,,,,,,,,,,,,,,,,,,,,,,,,,,,,,,,,,,,,,
,,,,,,,,,,,,,,,,,,,,,,,,,,,,,,,,,,,,,,,,,,,,,,,,,,,,,,,,,,,,,1.0,0.9503119903907925,,,,,,,,,,,,,0.7636425637250371,,,,0.9272058235790924,0.8658368643332232,,,,,,,,,,,,,,,,,,,,,,,,,,,,,,
,,,,,,,,,,,,,,,,,,,,,,,,,,,,,,,,,,,,,,,,,,,,,,,,,,,,,,,,,,,,,0.9503119903907925,1.0,,,,,,,,,,,,,0.8040636128652379,,,,0.9081516448630214,0.9413104351743335,,,,,,,,,,,,,,,,,,,,,,,,,,,,,,
,,,,,,,,,,,,,,,,,,,,,,,,,,,,,,,,,1.0,,,,0.7345987192230579,,0.9998001473962002,,,,0.7345347271215837,,,,,,,,,,,,,,,,,,,,1.0,,,,0.7345987192230579,,,,,,,,,,,,,,,,,,,,,,,,,,,,,,,,,,,,,,,,,,,
,,,,,,,,,,,,,,,,,,,,,,,,,,,,,,,,,,1.0,,,,,,0.9998032175586814,,,,,,,,,,,,,,,,,,,,,,,,1.0,,,,,,,,,,,,,,,,,,,,,,,,,,,,,,,,,,,,,,,,,,,,,,
,,,,,,,,,,,,,,,,,,,,,,,,,,,,,,,,,,,1.0,,0.969105872571621,0.975392562940293,,,0.9999980200135217,,0.969111084263992,0.9754081075258043,,,,,,,,,,,,,,,,,,,,,1.0,,0.969105872571621,0.975392562940293,,,,,,,,,,,,,,,,,,,,,,,,,,,,,,,,,,,0.8993237826986321,,,,,,0.9980568874616408,
,,,,,,0.722824014590011,,,,,,,,,,,,,,,,,,,,,,,,,,,,,,0.9999999999999991,,,,,,,,,0.7743788668586926,0.768589546079652,,1.0,,,,,,,,,,,,,,,,,,1.0,,,,,,,,,,,,,,,,,,,,,,,,,,,,,,,,,,,,,,,,,,,,
,,,,,,,,,,,,,,,,,,,,,,,,,,,,,,,,,0.734598719223058,,0.969105872571621,,1.0,0.9766469410957024,0.73710245528373,,0.9691374444093172,,0.9999996927383176,0.9766615573510989,,,,,,,,,,,,,,,,,,,0.7345987192230579,,0.969105872571621,,1.0,0.9766469410957023,,,,,,,,,,,,,,,,,,,,,,,,,,,,,,,,,,,0.8976060673469995,,,,,,0.9677533668012973,
,,,,,,,,,,,,,,,,,,,,,,,,,,,,,,,,,,,0.975392562940293,,0.9766469410957023,1.0,,,0.9754141219206397,,0.9766369600604472,0.9999999505483255,,,,,,,,,,,,,,,,,,,,,0.975392562940293,,0.9766469410957023,1.0,,,,,,,,,,,,,,,,,,,,,,,,,,,,,,,,,,,0.9048591738459381,,,,,,0.9755551758465442,
,,,,,,,,,,,,,,,,,,,,,,,,,,,,0.821803556092877,,,,,,,,,,,,,,,,,,,,,,,,,,,,,,,,,,,,,,,,,1.0,,0.8932897222503481,,0.9748653552090042,0.776345676260526,,,,,,,0.999676293941702,,0.8932049252983373,,0.9746647647144682,0.9746647647144682,0.9367210284900095,,0.8473210730327921,,0.916191793405511,0.717817298510287,,,,,,,,,,,,0.8170951216512068,0.8088968423590116,,,,,
,,,,,,,,,,,,,,,,,,,,,,,,,,,,,,,,,,,,,,,,,,,,,,,,,,,,,,,,,,,,,,,,,,,,,,1.0,,,,,,,,,,,,,,,,,,0.9205529817352812,,,,,,,,,,,,,,,,,,,,,,
,,,,,,,,,,,,,,,,,,,,,,,,,,,,0.9361697441638909,,,,,,,,,,,,,,,,,,,,,,,,,,,,,,,,,,,,,,,,,0.8932897222503481,,1.0,,0.9689077161470503,0.8577905145365415,,,,,,,0.8932140583196191,,0.9998952336378569,,0.968790815569659,0.968790815569659,0.8918981648184889,,0.9863142975313527,,0.9583598629318878,0.8427076561700643,,,,,,,,,,,,,,,,,,
,,,,,,,,,,,,,,,,,,,,,,,,,,,,,,,,,,,,,,,,,,,,,,,,,,,,,,,,,,,,,,,,,,,,,,,,,,,,,,,,,,,,,,,,,,,,,,,,,,,,,,,,,,,,,,
,,,,,,,,,,,,,,,,,,,,,,,,,,,,0.8878461704545452,,,,,,,,,,,,,,,,,,,,,,,,,,,,,,,,,,,,,,,,,0.9748653552090042,,0.9689077161470503,,1.0,0.846256531887383,,,,,,,0.9746722111969736,,0.9688062643124021,,0.9998369787053601,0.9998369787053601,0.945933317327403,,0.9400664611506976,,0.9673909031232769,0.8111011501856428,,,,,,,,,,,,0.7514075448777527,0.7442674824080765,,,,,
,,,,,,,,,,,,,,,,,,,,,,,,,,,,0.7489078601404461,,,,,,,,,,,,,,,,,,,,,,,,,,,,,,,,,,,,,,,,,0.776345676260526,,0.8577905145365415,,0.846256531887383,1.0,,,,,,,0.7759383087323557,,0.857479945513528,,0.8458845232409947,0.8458845232409947,0.7461015629651275,,0.8327689848764506,,0.8169030513654961,0.9757611812079344,,,,,,,,,,,,,,,,,,
,,,,,,,,,,,,,,,,,,,,,,,,,,,,,,,,,,,,,,,,,,,,,,,,,,,,,,,,,,,,,0.7636425637250371,0.8040636128652379,,,,,,,,,,,,,1.0,0.8640908562978497,,,0.8224161360023081,0.8405760139067682,,,,,,,,,,,,,,,,,,,,,,,,,,,,,,
,,,,,,,,,,,,,,,,,,,,,,,,,,,,,,,,,,,,,,,,,,,,,,,,,,,,,,,,,,,,,,,,,,,,,,,,,,,0.8640908562978497,1.0,,,,,,,,,,,,,,,,,,,,,,,,,,,,,,,,,,
,,,,,,,,,,,,,,,,,,,,,,,,,,,,,,,,,,,,,,,,,,,,,,,,,,,,,,,,,,,0.8817466276345739,,,,,,,,,,,,,,,,,,1.0,,,,,,,,,,,,,,,,,,,,,,,,,,,,,,,,,
,,,,,,,,,,,,,,,,,,,,,,,,,,,,,,,,,,,,,,,,,,,,,,,,,,,,,,,,,,,,,,,,,,,,,,,,,,,,,,,,,,,,,,,,,,,,,,,,,,,,,,,,,,,,,,
,,,,,,,,,,,,,,,,,,,,,,,,,,,,,,,,,,,,,,,,,,,,,,,,,,,,,,,,,,,,,0.9272058235790924,0.9081516448630214,,,,,,,,,,,,,0.8224161360023081,,,,1.0,0.9431736303562586,,,,,,,,,,,,,,,,,,,,,,,,,,,,,,
,,,,,,,,,,,,,,,,,,,,,,,,,,,,,,,,,,,,,,,,,,,,,,,,,,,,,,,,,,,,,0.8658368643332232,0.9413104351743335,,,,,,,,,,,,,0.8405760139067682,,,,0.9431736303562586,1.0,,,,,,,,,,,,,,,,,,,,,,,,,,,,,,
,,,,,,,,,,,,,,,,,,,,,,,,,,,,0.8221006964947072,,,,,,,,,,,,,,,,,,,,,,,,,,,,,,,,,,,,,,,,,0.999676293941702,,0.8932140583196191,,0.9746722111969736,0.7759383087323557,,,,,,,1.0,,0.8934575981605865,,0.9749172402605525,0.9749172402605525,0.9364493954251152,,0.8472774357826358,,0.9160441181817702,0.7174446650560145,,,,,,,,,,,,0.8173528332060012,0.808608470426198,,,,,
,,,,,,,,,,,,,,,,,,,,,,,,,,,,,,,,,,,,,,,,,,,,,,,,,,,,,,,,,,,,,,,,,,,,,,,,,,,,,,,,,,1.0,,,,,,,,,,,,,,,,,,,,,,,,,,,,
,,,,,,,,,,,,,,,,,,,,,,,,,,,,0.9363011408206383,,,,,,,,,,,,,,,,,,,,,,,,,,,,,,,,,,,,,,,,,0.8932049252983373,,0.9998952336378569,,0.9688062643124021,0.857479945513528,,,,,,,0.8934575981605865,,1.0,,0.9689440889732517,0.9689440889732517,0.891826768111342,,0.9862167402406383,,0.9582686093907938,0.8424012567783886,,,,,,,,,,,,,,,,,,
,,,,,,,,,,,,,,,,,,,,,,,,,,,,,,,,,,,,,,,,,,,,,,,,,,,,,,,,,,,,,,,,,,,,,,,,,,,,,,,,,,,,,,,,,,,,,,,,,,,,,,,,,,,,,,
,,,,,,,,,,,,,,,,,,,,,,,,,,,,0.888025042707775,,,,,,,,,,,,,,,,,,,,,,,,,,,,,,,,,,,,,,,,,0.9746647647144682,,0.968790815569659,,0.9998369787053601,0.8458845232409947,,,,,,,0.9749172402605525,,0.9689440889732517,,1.0,1.0,0.9457603028206978,,0.9399663974571931,,0.9672513990709739,0.8107449936678717,,,,,,,,,,,,0.7516270676182537,0.7440641576439433,,,,,
,,,,,,,,,,,,,,,,,,,,,,,,,,,,0.888025042707775,,,,,,,,,,,,,,,,,,,,,,,,,,,,,,,,,,,,,,,,,0.9746647647144682,,0.968790815569659,,0.9998369787053601,0.8458845232409947,,,,,,,0.9749172402605525,,0.9689440889732517,,1.0,1.0,0.9457603028206978,,0.9399663974571931,,0.9672513990709739,0.8107449936678717,,,,,,,,,,,,0.7516270676182537,0.7440641576439433,,,,,
,,,,,,,,,,,,,,,,,,,,,,,,,,,,0.8236774361782357,,,,,,,,,,,,,,,,,,,,,,,,,,,,,,,,,,,,,,,,,0.9367210284900095,,0.8918981648184889,,0.945933317327403,0.7461015629651275,,,,,,,0.9364493954251152,,0.891826768111342,,0.9457603028206978,0.9457603028206978,1.0,,0.9044367279327685,,0.9779505085194845,0.7653570157255756,,,,,,,,,,,,0.8721373000164164,0.8633783559505832,,,,,
,,,,,,,,,,,,,,,,,,,,,,,,,,,,,,,,,,,,,,,,,,,,,,,,,,,,,,,,,,,,,,,,,,,,,,0.9205529817352812,,,,,,,,,,,,,,,,,,1.0,,,,,,,,,,,,,,,,,,,,,,
,,,,,,,,,,,,,,,,,,,,,,,,,,,,0.9252029990808346,,,,,,,,,,,,,,,,,,,,,,,,,,,,,,,,,,,,,,,,,0.8473210730327921,,0.9863142975313527,,0.9400664611506976,0.8327689848764506,,,,,,,0.8472774357826358,,0.9862167402406383,,0.9399663974571931,0.9399663974571931,0.9044367279327685,,1.0,,0.9717138413148878,0.8540272005265993,,,,,,,,,,,,,,,,,,
,,,,,,,,,,,,,,,,,,,,,,,,,,,,,,,,,,,,,,,,,,,,,,,,,,,,,,,,,,,,,,,,,,,,,,,,,,,,,,,,,,,,,,,,,,1.0,,,,,,,,,,,,,,,,,,,,
,,,,,,,,,,,,,,,,,,,,,,,,,,,,0.8802265818106046,,,,,,,,,,,,,,,,,,,,,,,,,,,,,,,,,,,,,,,,,0.916191793405511,,0.9583598629318878,,0.9673909031232769,0.8169030513654961,,,,,,,0.9160441181817702,,0.9582686093907938,,0.9672513990709739,0.9672513990709739,0.9779505085194845,,0.9717138413148878,,1.0,0.8378208452306699,,,,,,,,,,,,0.77680920365237,0.7694212908113607,,,,,
,,,,,,,,,,,,,,,,,,,,,,,,,,,,0.7359019695256964,,,,,,,,,,,,,,,,,,,,,,,,,,,,,,,,,,,,,,,,,0.717817298510287,,0.8427076561700643,,0.8111011501856428,0.9757611812079344,,,,,,,0.7174446650560145,,0.8424012567783886,,0.8107449936678717,0.8107449936678717,0.7653570157255756,,0.8540272005265993,,0.8378208452306699,1.0,,,,,,,,,,,,,,,,,,
,,,,,,,,,,,,,,0.7288229464138267,,,,,,,,,,,,,,,,,,,,,,,,,,,,,,,,,,,,,,,,,,,,,,,,,,,,,,,,,,,,,,,,,,,,,,,,,,,,,,,1.0,0.7438678611029074,0.8849405498653321,0.8258836765138466,0.8598155442512321,0.7623075158170386,,,,,,,,,,,,
,,,,,,,,,,,,,,,,,,,,,,,,,,,,,,,,,,,,,,,,,,,,,,,,,,,,,,,,,,,,,,,,,,,,,,,,,,,,,,,,,,,,,,,,,,,,,0.7438678611029074,1.0,,,,,,,,,,,,,,,,
,,,,,,,,,,,,,,,,,,,,,,,,,,,,,,,,,,,,,,,,,,,,,,,,,,,,,,,,,,,,,,,,,,,,,,,,,,,,,,,,,,,,,,,,,,,,,0.8849405498653321,,1.0,,0.8909464650052445,0.7871137786908579,,,,,,,,,,,,
,,,,,,,,,,,,,,,,,,,,,,,,,,,,,,,,,,,,,,,,,,,,,,,,,,,,,,,,,,,,,,,,,,,,,,,,,,,,,,,,,,,,,,,,,,,,,0.8258836765138466,,,1.0,,,,,,,,,,,,,,
,,,,,,,,,,,,,,,,,,,,,,,,,,,,,,,,,,,,,,,,,,,,,,,,,,,,,,,,,,,,,,,,,,,,,,,,,,,,,,,,,,,,,,,,,,,,,0.8598155442512321,,0.8909464650052445,,1.0,0.9182775702779848,,,,,,,,,,,,
,,,,,,,,,,,,,,,,,,,,,,,,,,,,,,,,,,,,,,,,,,,,,,,,,,,,,,,,,,,,,,,,,,,,,,,,,,,,,,,,,,,,,,,,,,,,,0.7623075158170386,,0.7871137786908579,,0.9182775702779848,1.0,,,,,,,,,,,,
,,,,,,,,,,,,,,,,,,,,,,,,,,,,,,,,,,,,,,,,,,,,,,,,,,,,,,,,,,,,,,,,,,,,,,,,,,,,,,,,,,,,,,,,,,,,,,,,,,,1.0,,,,,,,,,,,
,,,,,,,,,,,,,,,,,,,,,,,,,,,,,,,,,,,,,,,,,,,,,,,,,,,,,,,,,,,,,,,,,,,,,,,,,,,,,,,,,,,,,,,,,,,,,,,,,,,,1.0,,,,,,,,,,
,,,,,,,,,,,,,,,,,,,,,,,,,,,,,,,,,,,,,,,,,,,,,,,,,,,,,,,,,,,,,,,,,,,,,,,,,,,,,,,,,,,,,,,,,,,,,,,,,,,,,1.0,,,,,,,,,
,,,,,,,,,,,,,,,,,,,,,,,,,,,,,,,,,,,,,,,,,,,,,,,,,,,,,,,,,,,,,,,,,,,,,,,,,,,,,,,,,,,,,,,,,,,,,,,,,,,,,,1.0,,,,,,,,
,,,,,,,,,,,,,,,,,,,,,,,,,,,,,,,,,,,0.8993237826986321,,0.8976060673469995,0.9048591738459381,,,0.8993652722715991,,0.8976223760150565,0.9048766005909545,,,,,,,,,,,,,,,,,,,,,0.8993237826986321,,0.8976060673469995,0.9048591738459381,,,,,,,,,,,,,,,,,,,,,,,,,,,,,,,,,,,1.0,,,,,,0.8998207735523202,
,,,,,,,,,,,,,,,,,,,,,,,,,,,,,,,,,,,,,,,,,,,,,,,,,,,,,,,,,,,,,,,,,,,,,0.8170951216512068,,,,0.7514075448777527,,,,,,,,0.8173528332060012,,,,0.7516270676182537,0.7516270676182537,0.8721373000164164,,,,0.77680920365237,,,,,,,,,,,,,1.0,0.9903760256725954,,,,,
,,,,,,,,,,,,,,,,,,,,,,,,,,,,,,,,,,,,,,,,,,,,,,,,,,,,,,,,,,,,,,,,,,,,,0.8088968423590116,,,,0.7442674824080765,,,,,,,,0.808608470426198,,,,0.7440641576439433,0.7440641576439433,0.8633783559505832,,,,0.7694212908113607,,,,,,,,,,,,,0.9903760256725954,1.0,,,,,
,,,,,,,,,,,,,,,,,,,,,,,,,,,,,,,,,,,,,,,,,,,,,,,,,,,,,,,,,,,,,,,,,,,,,,,,,,,,,,,,,,,,,,,,,,,,,,,,,,,,,,,,,,1.0,,,,
,,,,,,,,,,,,,,,,,,,,,,,,,,,,,,,,,,,,,,,,,,,,,,,,,,,,,,,,,,,,,,,,,,,,,,,,,,,,,,,,,,,,,,,,,,,,,,,,,,,,,,,,,,,,,,
,,,,,,,,,,,,,,,,0.9999994490194029,0.9998266601880086,0.9986601407818868,0.997058797755599,0.9996328806434249,,0.99958813710511,0.9997069172541617,0.9995819517602927,0.9997423396109153,0.9996370229435034,,,0.999588137105118,0.999706917254164,0.9996394936277552,,,,,,,,,,,,,,,,,,,,,,,,,,,,,,,,,,,,,,,,,,,,,,,,,,,,,,,,,,,,,,,,,,,,,,,,,,,,,1.0,,
,,,,,,,,,,,,,,,,,,,,,,,,,,,,,,,,,,,0.9980568874616408,,0.9677533668012973,0.9755551758465442,,,0.9981381134820758,,0.9677629516671551,0.9755731171881749,,,,,,,,,,,,,,,,,,,,,0.9980568874616408,,0.9677533668012973,0.9755551758465442,,,,,,,,,,,,,,,,,,,,,,,,,,,,,,,,,,,0.8998207735523202,,,,,,1.0,
,,,,,,,,,,,,,,,,,,,,,,,,,,,,,,,,,,,,,,,,,,,,,,,,,,,,,,,,,,,,,,,,,,,,,,,,,,,,,,,,,,,,,,,,,,,,,,,,,,,,,,,,,,,,,,1.0
